{"cameraMode":{"drawMode":0,"name":"Shaded","section":"Shading Mode"},"sceneLighting":true,"audioPlay":false,"sceneViewState":{"showFog":false,"showMaterialUpdate":false,"showSkybox":false,"showFlares":false,"showImageEffects":false,"showParticleSystems":false},"in2DMode":false,"pivot":{"x":1.4771389961242676,"y":2.136000156402588,"z":6.2137956619262699},"rotation":{"x":-0.004959252197295427,"y":0.6182989478111267,"z":-0.0039007447194308044,"w":-0.7859112620353699},"size":17.632801055908204,"orthographic":false}