{"cameraMode":{"drawMode":0,"name":"Shaded","section":"Shading Mode"},"sceneLighting":true,"audioPlay":false,"sceneViewState":{"showFog":false,"showMaterialUpdate":false,"showSkybox":false,"showFlares":false,"showImageEffects":false,"showParticleSystems":false},"in2DMode":false,"pivot":{"x":-10.068007469177246,"y":-3.4267773628234865,"z":-0.7080655097961426},"rotation":{"x":0.10335220396518707,"y":-0.8483355641365051,"z":0.18002153933048249,"w":0.48694831132888796},"size":45.05539321899414,"orthographic":false}