{"cameraMode":{"drawMode":0,"name":"Shaded","section":"Shading Mode"},"sceneLighting":true,"audioPlay":false,"sceneViewState":{"showFog":false,"showMaterialUpdate":false,"showSkybox":false,"showFlares":false,"showImageEffects":false,"showParticleSystems":false},"in2DMode":false,"pivot":{"x":-1.3567249774932862,"y":0.6329935193061829,"z":5.552457809448242},"rotation":{"x":-0.029411310330033304,"y":0.6626785397529602,"z":-0.026065289974212648,"w":-0.7478414177894592},"size":7.834009647369385,"orthographic":false}