{"cameraMode":{"drawMode":0,"name":"Shaded","section":"Shading Mode"},"sceneLighting":true,"audioPlay":false,"sceneViewState":{"showFog":false,"showMaterialUpdate":false,"showSkybox":false,"showFlares":false,"showImageEffects":false,"showParticleSystems":false},"in2DMode":false,"pivot":{"x":5.8437957763671879,"y":0.4811326861381531,"z":4.467705249786377},"rotation":{"x":-0.13529951870441438,"y":0.38346368074417117,"z":-0.05689822882413864,"w":-0.9118117690086365},"size":8.509783744812012,"orthographic":false}