{"cameraMode":{"drawMode":0,"name":"Shaded","section":"Shading Mode"},"sceneLighting":true,"audioPlay":false,"sceneViewState":{"showFog":false,"showMaterialUpdate":false,"showSkybox":false,"showFlares":false,"showImageEffects":false,"showParticleSystems":false},"in2DMode":false,"pivot":{"x":-0.13760027289390565,"y":0.5132848024368286,"z":0.3837708830833435},"rotation":{"x":0.015409279614686966,"y":-0.980830192565918,"z":0.08764583617448807,"w":0.17300815880298615},"size":0.9094864726066589,"orthographic":false}