{"cameraMode":{"drawMode":0,"name":"Shaded","section":"Shading Mode"},"sceneLighting":true,"audioPlay":false,"sceneViewState":{"showFog":false,"showMaterialUpdate":false,"showSkybox":false,"showFlares":false,"showImageEffects":false,"showParticleSystems":false},"in2DMode":false,"pivot":{"x":15.76402473449707,"y":-4.744964599609375,"z":-5.178046226501465},"rotation":{"x":0.07573232054710388,"y":0.9003905057907105,"z":-0.17419925332069398,"w":0.3914458453655243},"size":25.729997634887697,"orthographic":false}