{"cameraMode":{"drawMode":0,"name":"Shaded","section":"Shading Mode"},"sceneLighting":true,"audioPlay":false,"sceneViewState":{"showFog":false,"showMaterialUpdate":false,"showSkybox":false,"showFlares":false,"showImageEffects":false,"showParticleSystems":false},"in2DMode":false,"pivot":{"x":-60.70317840576172,"y":-29.711780548095704,"z":213.07765197753907},"rotation":{"x":0.12200294435024262,"y":-0.7402695417404175,"z":0.13976091146469117,"w":0.6461127400398254},"size":97.89464569091797,"orthographic":false}