{"cameraMode":{"drawMode":0,"name":"Shaded","section":"Shading Mode"},"sceneLighting":true,"audioPlay":false,"sceneViewState":{"showFog":false,"showMaterialUpdate":false,"showSkybox":false,"showFlares":false,"showImageEffects":false,"showParticleSystems":false},"in2DMode":false,"pivot":{"x":-5.503899574279785,"y":-0.7447853088378906,"z":8.385050773620606},"rotation":{"x":-0.06490931659936905,"y":0.5041777491569519,"z":-0.0380466990172863,"w":-0.86030513048172},"size":14.7537841796875,"orthographic":false}