{"cameraMode":{"drawMode":0,"name":"Shaded","section":"Shading Mode"},"sceneLighting":true,"audioPlay":false,"sceneViewState":{"showFog":false,"showMaterialUpdate":false,"showSkybox":false,"showFlares":false,"showImageEffects":false,"showParticleSystems":false},"in2DMode":false,"pivot":{"x":-37.27581787109375,"y":-13.900289535522461,"z":-4.378511905670166},"rotation":{"x":0.12200294435024262,"y":-0.7402695417404175,"z":0.13976091146469117,"w":0.6461127400398254},"size":48.59423828125,"orthographic":false}