{"cameraMode":{"drawMode":0,"name":"Shaded","section":"Shading Mode"},"sceneLighting":true,"audioPlay":false,"sceneViewState":{"showFog":false,"showMaterialUpdate":false,"showSkybox":false,"showFlares":false,"showImageEffects":false,"showParticleSystems":false},"in2DMode":false,"pivot":{"x":-0.4256024658679962,"y":-0.19294820725917817,"z":7.971984386444092},"rotation":{"x":-0.06438971310853958,"y":0.7278122901916504,"z":-0.06898859888315201,"w":-0.6792516112327576},"size":15.498004913330079,"orthographic":false}