{"cameraMode":{"drawMode":0,"name":"Shaded","section":"Shading Mode"},"sceneLighting":true,"audioPlay":false,"sceneViewState":{"showFog":false,"showMaterialUpdate":false,"showSkybox":false,"showFlares":false,"showImageEffects":false,"showParticleSystems":false},"in2DMode":false,"pivot":{"x":-0.36970871686935427,"y":0.29246479272842409,"z":0.709165632724762},"rotation":{"x":0.10315367579460144,"y":-0.5970703363418579,"z":0.07786552608013153,"w":0.7916327714920044},"size":10.4559965133667,"orthographic":false}