{"cameraMode":{"drawMode":0,"name":"Shaded","section":"Shading Mode"},"sceneLighting":true,"audioPlay":false,"sceneViewState":{"showFog":false,"showMaterialUpdate":false,"showSkybox":false,"showFlares":false,"showImageEffects":false,"showParticleSystems":false},"in2DMode":false,"pivot":{"x":-5.251180648803711,"y":-5.56890344619751,"z":8.916679382324219},"rotation":{"x":-0.23525914549827577,"y":0.5835747718811035,"z":-0.18167425692081452,"w":-0.7556697130203247},"size":29.980182647705079,"orthographic":false}