{"cameraMode":{"drawMode":0,"name":"Shaded","section":"Shading Mode"},"sceneLighting":true,"audioPlay":false,"sceneViewState":{"showFog":false,"showMaterialUpdate":false,"showSkybox":false,"showFlares":false,"showImageEffects":false,"showParticleSystems":false},"in2DMode":false,"pivot":{"x":0.3061411380767822,"y":1.073110818862915,"z":-0.14264608919620515},"rotation":{"x":0.035133618861436847,"y":0.7196224927902222,"z":0.036509256809949878,"w":-0.6925083994865418},"size":3.670823574066162,"orthographic":false}