{"cameraMode":{"drawMode":0,"name":"Shaded","section":"Shading Mode"},"sceneLighting":true,"audioPlay":false,"sceneViewState":{"showFog":false,"showMaterialUpdate":false,"showSkybox":false,"showFlares":false,"showImageEffects":false,"showParticleSystems":false},"in2DMode":false,"pivot":{"x":22.589210510253908,"y":-11.467629432678223,"z":7.2593817710876469},"rotation":{"x":0.12092708796262741,"y":0.7225978374481201,"z":-0.1308264136314392,"w":0.667926549911499},"size":69.88444519042969,"orthographic":false}