{"cameraMode":{"drawMode":0,"name":"Shaded","section":"Shading Mode"},"sceneLighting":true,"audioPlay":false,"sceneViewState":{"showFog":false,"showMaterialUpdate":false,"showSkybox":false,"showFlares":false,"showImageEffects":false,"showParticleSystems":false},"in2DMode":false,"pivot":{"x":-1.889176607131958,"y":1.097621202468872,"z":1.7409155368804932},"rotation":{"x":0.2000553458929062,"y":-0.6583539843559265,"z":0.187994584441185,"w":0.7007736563682556},"size":13.260024070739746,"orthographic":false}