{"cameraMode":{"drawMode":0,"name":"Shaded","section":"Shading Mode"},"sceneLighting":true,"audioPlay":false,"sceneViewState":{"showFog":false,"showMaterialUpdate":false,"showSkybox":false,"showFlares":false,"showImageEffects":false,"showParticleSystems":false},"in2DMode":false,"pivot":{"x":-6.683414459228516,"y":-2.929379940032959,"z":3.2857041358947756},"rotation":{"x":-0.08765633404254914,"y":0.837465226650238,"z":-0.14101022481918336,"w":-0.5206274390220642},"size":16.279449462890626,"orthographic":false}