{"cameraMode":{"drawMode":0,"name":"Shaded","section":"Shading Mode"},"sceneLighting":true,"audioPlay":false,"sceneViewState":{"showFog":false,"showMaterialUpdate":false,"showSkybox":false,"showFlares":false,"showImageEffects":false,"showParticleSystems":false},"in2DMode":false,"pivot":{"x":-3.6531548500061037,"y":-1.555948257446289,"z":5.13777494430542},"rotation":{"x":-0.11370871216058731,"y":0.6761121153831482,"z":-0.10675809532403946,"w":-0.7201093435287476},"size":21.075050354003908,"orthographic":false}