{"cameraMode":{"drawMode":0,"name":"Shaded","section":"Shading Mode"},"sceneLighting":true,"audioPlay":false,"sceneViewState":{"showFog":false,"showMaterialUpdate":false,"showSkybox":false,"showFlares":false,"showImageEffects":false,"showParticleSystems":false},"in2DMode":false,"pivot":{"x":-8.175485610961914,"y":-2.204700469970703,"z":2.872295379638672},"rotation":{"x":-0.12187571823596955,"y":0.6400960683822632,"z":-0.1038384661078453,"w":-0.7513826489448547},"size":12.683507919311524,"orthographic":false}