{"cameraMode":{"drawMode":0,"name":"Shaded","section":"Shading Mode"},"sceneLighting":true,"audioPlay":false,"sceneViewState":{"showFog":true,"showMaterialUpdate":false,"showSkybox":true,"showFlares":true,"showImageEffects":true,"showParticleSystems":true},"in2DMode":false,"pivot":{"x":0.02811068296432495,"y":10001.0615234375,"z":5.080833435058594},"rotation":{"x":-0.28698036074638369,"y":-0.10263466089963913,"z":0.030941542237997056,"w":-0.9519208073616028},"size":1.4964449405670167,"orthographic":false}