{"cameraMode":{"drawMode":0,"name":"Shaded","section":"Shading Mode"},"sceneLighting":true,"audioPlay":false,"sceneViewState":{"showFog":false,"showMaterialUpdate":true,"showSkybox":true,"showFlares":true,"showImageEffects":true,"showParticleSystems":true},"in2DMode":false,"pivot":{"x":-15.88909912109375,"y":-113.74557495117188,"z":-6.796142578125},"rotation":{"x":-0.19506993889808656,"y":0.791695773601532,"z":-0.32017597556114199,"w":-0.48234662413597109},"size":519.3108520507813,"orthographic":false}